date,count
1997,1
1998,1
1999,2
2000,2
2001,4
2002,1
2003,3
2004,6
2005,6
2006,48
2007,93
2008,145
2009,305
2010,238
2011,239
2012,320
2013,418
2014,1555
2015,2597
2016,4361
2017,6357
2018,8160
2019,2213
